state,sheet,legacy_agency,legacy_city,legacy_county,legacy_ori,status,needs_review,current_ori,current_name,current_type,current_county
ND,LAW ENFORCEMENT NORTH DAKOTA,ALEXANDER PD,ALEXANDER,MCKENZIE,N00270200,not_found,,,,,
ND,LAW ENFORCEMENT NORTH DAKOTA,ANAMOOSE PD,ANAMOOSE,MCHENRY,ND0250300,not_found,,,,,
ND,LAW ENFORCEMENT NORTH DAKOTA,ANETA PD,ANETA,NELSON,ND0320100,not_found,,,,,
ND,LAW ENFORCEMENT NORTH DAKOTA,ASHLEY PD,ASHLEY,MCINTOSH,ND0260100,not_found,,,,,
ND,LAW ENFORCEMENT NORTH DAKOTA,*SHERIFF'S OFFICE,ASHLEY,MCINTOSH,ND0260000,current,,ND0260000,McIntosh County Sheriff's Office,county,McIntosh
ND,LAW ENFORCEMENT NORTH DAKOTA,BEACH PD,BEACH,GOLDEN VALLEY,ND0170100,not_found,,,,,
ND,LAW ENFORCEMENT NORTH DAKOTA,*SHERIFF’S OFFICE,BEACH,GOLDEN VALLEY,ND0170000,current,,ND0170000,Golden Valley County Sheriff's Office,county,Golden Valley
ND,LAW ENFORCEMENT NORTH DAKOTA,BELFIELD PD,BELFIELD,STARK,ND0450200,not_found,,,,,
ND,LAW ENFORCEMENT NORTH DAKOTA,BEULAH PD,BEULAH,MERCER,ND0290100,current,,ND0290100,Beulah Police Department,city,Mercer
ND,LAW ENFORCEMENT NORTH DAKOTA,BISBEE PD,BISBEE,TOWNER,ND0480200,not_found,,,,,
ND,LAW ENFORCEMENT NORTH DAKOTA,BISMARCK PD,BISMARCK,BURLEIGH,ND0080100,current,,ND0080100,Bismarck Police Department,city,Burleigh
ND,LAW ENFORCEMENT NORTH DAKOTA,*SHERIFF'S OFFICE,BISMARCK,BURLEIGH,ND0080000,current,,ND0080000,Burleigh County Sheriff's Office,county,Burleigh
ND,LAW ENFORCEMENT NORTH DAKOTA,*HIGHWAY PATROL DISTRICT 7,BISMARCK,N/A,NDNHP0700,not_found,,,,,
ND,LAW ENFORCEMENT NORTH DAKOTA,*NORTH DAKOTA HIGHWAY PATROL (HEADQUARTERS),BISMARCK,N/A,NDNHP0000,current,,NDNHP0000,North Dakota Highway Patrol,state_police,
ND,LAW ENFORCEMENT NORTH DAKOTA,*NORTH DAKOTA RADIO,BISMARCK,N/A,NDRCD0000,not_found,,,,,
ND,LAW ENFORCEMENT NORTH DAKOTA,*NORTH DAKOTA BUREAU OF CRIMINAL INVESTIGATION,BISMARK,N/A,NDBCA0000,current,,NDBCA0000,North Dakota Bureau of Criminal Investigation,other_state,
ND,LAW ENFORCEMENT NORTH DAKOTA,BOTTINEAU PD,BOTTINEAU,BOTTINEAU,ND0050100,not_found,,,,,
ND,LAW ENFORCEMENT NORTH DAKOTA,*SHERIFF'S OFFICE,BOTTINEAU,BOTTINEAU,ND0050000,current,,ND0050000,Bottineau County Sheriff's Office,county,Bottineau
ND,LAW ENFORCEMENT NORTH DAKOTA,BOWBELLS PD,BOWBELLS,BURKE,ND0070100,not_found,,,,,
ND,LAW ENFORCEMENT NORTH DAKOTA,*SHERIFF'S OFFICE,BOWBELLS,BURKE,ND0070000,current,,ND0070000,Burke County Sheriff's Office,county,Burke
ND,LAW ENFORCEMENT NORTH DAKOTA,BOWDON PD,BOWDON,WELLS,ND0520200,not_found,,,,,
ND,LAW ENFORCEMENT NORTH DAKOTA,BOWMAN PD,BOWMAN,BOWMAN,ND0060100,current,,ND0060100,Bowman Police Department,city,Bowman
ND,LAW ENFORCEMENT NORTH DAKOTA,*SHERIFF'S OFFICE,BOWMAN,BOWMAN,ND0060000,current,,ND0060000,Bowman County Sheriff's Office,county,Bowman
ND,LAW ENFORCEMENT NORTH DAKOTA,BUXTON PD,BUXTON,TRAILL,ND0490300,not_found,,,,,
ND,LAW ENFORCEMENT NORTH DAKOTA,CANDO PD,CANDO,TOWNER,ND0480100,not_found,,,,,
ND,LAW ENFORCEMENT NORTH DAKOTA,*SHERIFF'S OFFICE,CANDO,TOWNER,ND0480000,current,,ND0480000,Towner County Sheriff's Office,county,Towner
ND,LAW ENFORCEMENT NORTH DAKOTA,CARRINGTON PD,CARRINGTON,FOSTER,ND0160100,current,,ND0160100,Carrington Police Department,city,Foster
ND,LAW ENFORCEMENT NORTH DAKOTA,SHERIFF'S OFFICE,CARRINGTON,FOSTER,ND0160000,current,,ND0160000,Foster County Sheriff's Office,county,Foster
ND,LAW ENFORCEMENT NORTH DAKOTA,CARSON PD,CARSON,GRANT,ND0190100,not_found,,,,,
ND,LAW ENFORCEMENT NORTH DAKOTA,*SHERIFF'S OFFICE,CARSON,GRANT,ND0190000,current,,ND0190000,Grant County Sheriff's Office,county,Grant
ND,LAW ENFORCEMENT NORTH DAKOTA,CASSELTON PD,CASSELTON,CASS,ND0090100,not_found,,,,,
ND,LAW ENFORCEMENT NORTH DAKOTA,CAVALIER PD,CAVALIER,PEMBINA,ND0340100,current,,ND0340100,Cavalier Police Department,city,Pembina
ND,LAW ENFORCEMENT NORTH DAKOTA,*SHERIFF’S OFFICE,CAVALIER,PEMBINA,ND0340000,current,,ND0340000,Pembina County Sheriff's Office,county,Pembina
ND,LAW ENFORCEMENT NORTH DAKOTA,CENTER PD,CENTER,OLIVER,ND0330100,not_found,,,,,
ND,LAW ENFORCEMENT NORTH DAKOTA,*SHERIFF'S OFFICE,CENTER,OLIVER,ND0330000,current,,ND0330000,Oliver County Sheriff's Office,county,Oliver
ND,LAW ENFORCEMENT NORTH DAKOTA,COLUMBUS PD,COLUMBUS,BURKE,ND0070200,not_found,,,,,
ND,LAW ENFORCEMENT NORTH DAKOTA,COOPERSTOWN PD,COOPERSTOWN,GRIGGS,ND0200100,not_found,,,,,
ND,LAW ENFORCEMENT NORTH DAKOTA,*SHERIFF'S OFFICE,COOPERSTOWN,GRIGGS,ND0200000,current,,ND0200000,Griggs County Sheriff's Office,county,Griggs
ND,LAW ENFORCEMENT NORTH DAKOTA,CROSBY PD,CROSBY,DIVIDE,ND0120100,not_found,,,,,
ND,LAW ENFORCEMENT NORTH DAKOTA,*SHERIFF'S OFFICE,CROSBY,DIVIDE,ND0120000,current,,ND0120000,Divide County Sheriff's Office,county,Divide
ND,LAW ENFORCEMENT NORTH DAKOTA,DAWSON PD,DAWSON,KIDDER,ND0220100,not_found,,,,,
ND,LAW ENFORCEMENT NORTH DAKOTA,DEVILS LAKE PD,DEVILS LAKE,RAMSEY,ND0360100,current,,ND0360100,Devils Lake Police Department,city,Ramsey
ND,LAW ENFORCEMENT NORTH DAKOTA,*HIGHWAY PATROL DISTRICT 3,DEVILS LAKE,N/A,NDNHP0300,not_found,,,,,
ND,LAW ENFORCEMENT NORTH DAKOTA,*SHERIFF'S OFFICE,DEVILS LAKE,RAMSEY,ND0360000,current,,ND0360000,Ramsey County Sheriff's Office,county,Ramsey
ND,LAW ENFORCEMENT NORTH DAKOTA,DICKINSON PD,DICKINSON,STARK,ND0450100,current,,ND0450100,Dickinson Police Department,city,Stark
ND,LAW ENFORCEMENT NORTH DAKOTA,*HIGHWAY PATROL DISTRICT 8,DICKINSON,N/A,NDNHP0800,not_found,,,,,
ND,LAW ENFORCEMENT NORTH DAKOTA,*SHERIFF'S OFFICE,DICKINSON,STARK,ND0450000,current,,ND0450000,Stark County Sheriff's Office,county,Stark
ND,LAW ENFORCEMENT NORTH DAKOTA,DRAKE PD,DRAKE,MCHENRY,ND0250400,not_found,,,,,
ND,LAW ENFORCEMENT NORTH DAKOTA,DRAYTON PD,DRAYTON,PEMBINA,ND0340300,current,,ND0340300,Drayton Police Department,city,Pembina
ND,LAW ENFORCEMENT NORTH DAKOTA,DUNSEITH PD,DUNSEITH,ROLETTE,ND0400100,current,,ND0400100,Dunseith Police Department,city,Rolette
ND,LAW ENFORCEMENT NORTH DAKOTA,EDGELEY PD,EDGELEY,LA MOURE,ND0230100,not_found,,,,,
ND,LAW ENFORCEMENT NORTH DAKOTA,EDMORE PD,EDMORE,RAMSEY,ND0360200,not_found,,,,,
ND,LAW ENFORCEMENT NORTH DAKOTA,ELGIN PD,ELGIN,GRANT,ND0190200,not_found,,,,,
ND,LAW ENFORCEMENT NORTH DAKOTA,ELLENDALE PD,ELLENDALE,DICKEY,ND0110100,current,,ND0110100,Ellendale Police Department,city,Dickey
ND,LAW ENFORCEMENT NORTH DAKOTA,*SHERIFF’S OFFICE,ELLENDALE,DICKEY,ND0110000,current,,ND0110000,Dickey County Sheriff's Office,county,Dickey
ND,LAW ENFORCEMENT NORTH DAKOTA,EMERADO PD,EMERADO,GRAND FORKS,ND0180400,current,,ND0180400,Emerado Police Department,city,Grand Forks
ND,LAW ENFORCEMENT NORTH DAKOTA,ENDERLIN PD,ENDERLIN,RANSOM,ND0370100,not_found,,,,,
ND,LAW ENFORCEMENT NORTH DAKOTA,ESMOND PD,ESMOND,BENSON,ND0030100,not_found,,,,,
ND,LAW ENFORCEMENT NORTH DAKOTA,FAIRMOUNT PD,FAIRMOUNT,RICHLAND,ND0390400,not_found,,,,,
ND,LAW ENFORCEMENT NORTH DAKOTA,FARGO PD,FARGO,CASS,ND0090200,current,,ND0090200,Fargo Police Department,city,Cass
ND,LAW ENFORCEMENT NORTH DAKOTA,*SHERIFF’S OFFICE,FARGO,CASS,ND0090000,current,,ND0090000,Cass County Sheriff's Office,county,Cass
ND,LAW ENFORCEMENT NORTH DAKOTA,*HIGHWAY PATROL DISTRICT 5,FARGO,N/A,NDNHP0500,not_found,,,,,
ND,LAW ENFORCEMENT NORTH DAKOTA,FESSENDEN PD,FESSENDEN,WELLS,¡(00520300,not_found,,,,,
ND,LAW ENFORCEMENT NORTH DAKOTA,*SHERIFF’S OFFICE,FESSENDEN,WELLS,ND0520000,current,,ND0520000,Wells County Sheriff's Office,county,Wells
ND,LAW ENFORCEMENT NORTH DAKOTA,FINLEY PD,FINLEY,STEELE,ND0460100,not_found,,,,,
ND,LAW ENFORCEMENT NORTH DAKOTA,*SHERIFF'S OFFICE,FINLEY,STEELE,ND0460000,current,,ND0460000,Steele County Sheriff's Office,county,Steele
ND,LAW ENFORCEMENT NORTH DAKOTA,FLASHER PD,FLASHER,MORTON,ND0300300,not_found,,,,,
ND,LAW ENFORCEMENT NORTH DAKOTA,FLAXTON PD,FLAXTON,BURKE,ND0070300,not_found,,,,,
ND,LAW ENFORCEMENT NORTH DAKOTA,FORMAN PD,FORMAN,SARGENT,ND0410100,not_found,,,,,
ND,LAW ENFORCEMENT NORTH DAKOTA,*SHERIFF'S OFFICE,FORMAN,SARGENT,ND0410000,current,,ND0410000,Sargent County Sheriff's Office,county,Sargent
ND,LAW ENFORCEMENT NORTH DAKOTA,GACKLE PD,GACKLE,LOGAN,ND0240100,not_found,,,,,
ND,LAW ENFORCEMENT NORTH DAKOTA,GALESBURG PD,GALESBURG,TRAILL,ND0490400,not_found,,,,,
ND,LAW ENFORCEMENT NORTH DAKOTA,GARRISON PD,GARRISON,MCLEAN,ND0280100,not_found,,,,,
ND,LAW ENFORCEMENT NORTH DAKOTA,GLEN ULLIN PD,GLEN ULLIN,MORTON,ND0300100,not_found,,,,,
ND,LAW ENFORCEMENT NORTH DAKOTA,GLENBURN PD,GLENBURN,RENVILLE,ND0380100,not_found,,,,,
ND,LAW ENFORCEMENT NORTH DAKOTA,GOLVA PD,GOLVA,GOLDEN VALLEY,ND0170200,not_found,,,,,
ND,LAW ENFORCEMENT NORTH DAKOTA,GOODRICH PD,GOODRICH,SHERIDAN,ND0420100,not_found,,,,,
ND,LAW ENFORCEMENT NORTH DAKOTA,GRAFTON PD,GRAFTON,WALSH,ND0500100,current,,ND0500100,Grafton Police Department,city,Walsh
ND,LAW ENFORCEMENT NORTH DAKOTA,*SHERIFF'S OFFICE,GRAFTON,WALSH,ND0500000,current,,ND0500000,Walsh County Sheriff's Office,county,Walsh
ND,LAW ENFORCEMENT NORTH DAKOTA,GRAND FORKS PD,GRAND FORKS,GRAND FORKS,ND0180100,current,,ND0180100,Grand Forks Police Department,city,Grand Forks
ND,LAW ENFORCEMENT NORTH DAKOTA,*SHERIFF’S OFFICE,GRAND FORKS,GRAND FORKS,ND0180000,current,,ND0180000,Grand Forks County Sheriff's Office,county,Grand Forks
ND,LAW ENFORCEMENT NORTH DAKOTA,*HIGHWAY PATROL DISTRICT 4,GRAND FORKS,N/A,NDNHP0400,not_found,,,,,
ND,LAW ENFORCEMENT NORTH DAKOTA,GRANVILLE PD,GRANVILLE,MCHENRY,ND0250500,not_found,,,,,
ND,LAW ENFORCEMENT NORTH DAKOTA,GRENORA PD,GRENORA,WILLIAMS,ND0530300,not_found,,,,,
ND,LAW ENFORCEMENT NORTH DAKOTA,GWINNER PD,GWINNER,SARGENT,ND0410200,not_found,,,,,
ND,LAW ENFORCEMENT NORTH DAKOTA,HALLIDAY PD,HALLIDAY,DUNN,ND0130100,not_found,,,,,
ND,LAW ENFORCEMENT NORTH DAKOTA,HANKINSON PD,HANKINSON,RICHLAND,ND0390100,not_found,,,,,
ND,LAW ENFORCEMENT NORTH DAKOTA,HARVEY PD,HARVEY,WELLS,ND0520100,current,,ND0520100,Harvey Police Department,city,Wells
ND,LAW ENFORCEMENT NORTH DAKOTA,HATTON PD,HATTON,TRAILL,ND0490500,not_found,,,,,
ND,LAW ENFORCEMENT NORTH DAKOTA,HAZELTON PD,HAZELTON,EMMONS,ND0150200,not_found,,,,,
ND,LAW ENFORCEMENT NORTH DAKOTA,HAZEN PD,HAZEN,MERCER,ND0290200,current,,ND0290200,Hazen Police Department,city,Mercer
ND,LAW ENFORCEMENT NORTH DAKOTA,HEBRON PD,HEBRON,MORTON,ND0300400,not_found,,,,,
ND,LAW ENFORCEMENT NORTH DAKOTA,HETTINGER PD,HETTINGER,ADAMS,ND0010100,not_found,,,,,
ND,LAW ENFORCEMENT NORTH DAKOTA,*SHERIFF'S OFFICE,HETTINGER,ADAMS,ND0010000,current,,ND0010000,Adams County Sheriff's Office,county,Adams
ND,LAW ENFORCEMENT NORTH DAKOTA,HIGHWAY PATROL DISTRICT 7,BISMARCK,N/A,NDNHP0700,not_found,,,,,
ND,LAW ENFORCEMENT NORTH DAKOTA,HIGHWAY PATROL DISTRICT 3,DEVILS LAKE,N/A,NDNHP0300,not_found,,,,,
ND,LAW ENFORCEMENT NORTH DAKOTA,HIGHWAY PATROL DISTRICT 8,DICKINSON,N/A,NDNHP0800,not_found,,,,,
ND,LAW ENFORCEMENT NORTH DAKOTA,HIGHWAY PATROL DISTRICT 5,FARGO,N/A,NDNHP0500,not_found,,,,,
ND,LAW ENFORCEMENT NORTH DAKOTA,HIGHWAY PATROL DISTRICT 4,GRAND FORKS,N/A,NDNHP0400,not_found,,,,,
ND,LAW ENFORCEMENT NORTH DAKOTA,HIGHWAY PATROL DISTRICT 6,JAMESTOWN,N/A,NDNHP0600,not_found,,,,,
ND,LAW ENFORCEMENT NORTH DAKOTA,HIGHWAY PATROL DISTRICT 2,MINOT,N/A,NDNHP0200,not_found,,,,,
ND,LAW ENFORCEMENT NORTH DAKOTA,HIGHWAY PATROL DISTRICT 1,WILLISTON,N/A,NDNHP0100,not_found,,,,,
ND,LAW ENFORCEMENT NORTH DAKOTA,HILLSBORO PD,HILLSBORO,TRAILL,ND0490100,not_found,,,,,
ND,LAW ENFORCEMENT NORTH DAKOTA,*SHERIFF'S OFFICE,HILLSBORO,TRAILL,ND0490000,current,,ND0490000,Traill County Sheriff's Office,county,Traill
ND,LAW ENFORCEMENT NORTH DAKOTA,HOOPLE PD,HOOPLE,WALSH,ND0500300,not_found,,,,,
ND,LAW ENFORCEMENT NORTH DAKOTA,HOPE PD,HOPE,STEELE,ND0460200,not_found,,,,,
ND,LAW ENFORCEMENT NORTH DAKOTA,JAMESTOWN PD,JAMESTOWN,STUTSMAN,ND0470100,current,,ND0470100,Jamestown Police Department,city,Stutsman
ND,LAW ENFORCEMENT NORTH DAKOTA,*HIGHWAY PATROL DISTRICT 6,JAMESTOWN,N/A,NDNHP0600,not_found,,,,,
ND,LAW ENFORCEMENT NORTH DAKOTA,*SHERIFF'S OFFICE,JAMESTOWN,STUTSMAN,ND0470000,current,,ND0470000,Stutsman County Sheriff's Office,county,Stutsman
ND,LAW ENFORCEMENT NORTH DAKOTA,KENMARE PD,KENMARE,WARD,ND0510100,current,,ND0510100,Kenmare Police Department,city,Ward
ND,LAW ENFORCEMENT NORTH DAKOTA,KENSAL PD,KENSAL,STUTSMAN,ND0470200,not_found,,,,,
