year,state,offenses,clearances,clearance_rate,rate_per_100k,coverage_pct,population,covered_population,months_reported
2016,US,379,139,0.367,0.31,38.4,323127513,124165259,12
2017,US,3487,1077,0.309,2.68,39.5,329056355,129903119,12
2018,US,5453,1576,0.289,3.76,43.9,330362587,144960982,12
2019,US,11026,2991,0.271,6.42,51.8,331433049,171830909,12
2020,US,12246,3020,0.247,6.05,60.8,332726731,202335372,12
2021,US,18318,4687,0.256,7.31,74.7,335395039,250537948,12
2022,US,21583,5699,0.264,7.93,80.8,336746447,272168627,12
2023,US,23791,6454,0.271,8.29,84.9,338357687,287098614,12
2024,US,26170,7597,0.29,8.72,87.4,343551384,300270744,12
2025,US,26799,8089,0.302,8.75,88.7,345206793,306234939,12
2016,AL,1,0,0.0,0.1,20.9,4863300,1014069,12
2017,AL,2,1,0.5,0.19,22.0,4874747,1073068,12
2018,AL,3,1,0.333,0.23,27.2,4887871,1328706,12
2019,AL,5,4,0.8,0.3,34.4,4903185,1688642,12
2020,AL,53,11,0.208,2.12,50.8,4921532,2502195,12
2021,AL,411,70,0.17,9.17,89.0,5039877,4483939,12
2022,AL,670,131,0.196,13.72,96.3,5074296,4885128,12
2023,AL,709,156,0.22,14.35,96.7,5108468,4939153,12
2024,AL,626,150,0.24,12.26,99.0,5157699,5105057,12
2025,AL,705,167,0.237,13.68,99.3,5193088,5154774,12
2016,AK,0,0,,0.0,0.4,741894,36302,1
2017,AK,0,0,,0.0,0.7,739795,32937,2
2018,AK,0,0,,0.0,2.3,737438,25935,8
2019,AK,0,0,,0.0,6.7,731545,65167,9
2020,AK,0,0,,0.0,20.0,731158,145933,12
2021,AK,22,11,0.5,5.35,56.1,732673,410910,12
2022,AK,27,17,0.63,6.41,57.4,733583,421419,12
2023,AK,25,11,0.44,5.63,60.5,733406,443799,12
2024,AK,49,18,0.367,10.87,60.9,740133,450712,12
2025,AK,32,14,0.438,7.15,60.7,737270,447331,12
2016,AZ,0,0,,0.0,10.4,6931071,719853,12
2017,AZ,0,0,,0.0,9.8,7016270,687532,12
2018,AZ,6,3,0.5,0.88,9.5,7171646,682216,12
2019,AZ,47,17,0.362,3.83,16.9,7278717,1227921,12
2020,AZ,187,66,0.353,7.81,32.3,7421401,2395410,12
2021,AZ,409,126,0.308,9.63,58.4,7276316,4247666,12
2022,AZ,517,148,0.286,11.31,62.1,7359197,4570477,12
2023,AZ,610,156,0.256,11.84,69.3,7431344,5151777,12
2024,AZ,736,208,0.283,13.93,69.7,7582384,5285451,12
2025,AZ,858,255,0.297,13.92,80.9,7623818,6164877,12
2016,AR,0,0,,0.0,98.7,2988248,2948785,12
2017,AR,0,0,,0.0,97.5,3004279,2927997,12
2018,AR,0,0,,0.0,96.8,3013825,2917804,12
2019,AR,6,1,0.167,0.21,96.0,3017804,2896645,12
2020,AR,13,3,0.231,0.45,96.3,3030522,2917843,12
2021,AR,33,7,0.212,1.12,97.0,3025891,2935509,12
2022,AR,83,37,0.446,2.77,98.5,3045637,2999305,12
2023,AR,113,32,0.283,3.77,97.8,3067732,3000883,12
2024,AR,145,52,0.359,4.77,98.5,3088354,3041532,12
2025,AR,137,29,0.212,4.47,98.4,3114791,3066074,12
2016,CA,0,0,,0.0,1.0,39250017,546090,9
2017,CA,0,0,,0.0,1.3,39536653,573489,11
2018,CA,0,0,,0.0,1.2,39557045,572695,10
2019,CA,0,0,,0.0,2.2,39512223,866204,12
2020,CA,0,0,,0.0,10.3,39368078,4066021,12
2021,CA,210,62,0.295,2.04,26.2,39237836,10298311,12
2022,CA,650,218,0.335,3.58,46.6,39029342,18169820,12
2023,CA,1202,406,0.338,4.85,63.6,38965193,24777112,12
2024,CA,1476,532,0.36,4.99,75.0,39431263,29558903,12
2025,CA,1526,521,0.341,4.89,79.3,39355309,31208568,12
2016,CO,4,3,0.75,0.07,99.0,5540545,5485186,12
2017,CO,570,294,0.516,10.24,99.2,5607154,5564751,12
2018,CO,817,367,0.449,14.52,98.8,5695564,5628219,12
2019,CO,927,420,0.453,16.27,98.9,5758736,5697810,12
2020,CO,779,339,0.435,13.51,99.3,5807719,5766575,12
2021,CO,880,349,0.397,15.22,99.5,5812069,5782991,12
2022,CO,823,353,0.429,14.2,99.2,5839926,5793750,12
2023,CO,1000,401,0.401,17.19,99.0,5877610,5817068,12
2024,CO,1038,494,0.476,17.56,99.2,5957493,5911687,12
2025,CO,996,408,0.41,16.71,99.1,6012561,5960854,12
2016,CT,0,0,,0.0,81.3,3576452,2908211,12
2017,CT,20,14,0.7,0.68,82.3,3588184,2954436,12
2018,CT,77,37,0.481,2.47,87.2,3572665,3115797,12
2019,CT,132,64,0.485,3.95,93.8,3565287,3345648,12
2020,CT,92,47,0.511,2.67,96.9,3557006,3447171,12
2021,CT,155,68,0.439,4.3,100.0,3605597,3605597,12
2022,CT,133,80,0.602,3.67,99.9,3626205,3621215,12
2023,CT,121,67,0.554,3.35,100.0,3617176,3615693,12
2024,CT,173,101,0.584,4.71,100.0,3675069,3675069,12
2025,CT,161,96,0.596,4.36,100.0,3688496,3688496,12
2016,DE,18,11,0.611,1.89,100.0,952065,951907,12
2017,DE,924,58,0.063,96.06,100.0,961939,961939,12
2018,DE,1096,58,0.053,113.36,100.0,967171,966831,12
2019,DE,1297,69,0.053,133.3,99.9,973764,973006,12
2020,DE,1155,50,0.043,117.07,100.0,986809,986619,12
2021,DE,1285,58,0.045,128.09,100.0,1003384,1003238,12
2022,DE,1378,107,0.078,135.51,99.9,1018396,1016900,12
2023,DE,1659,93,0.056,160.82,100.0,1031890,1031578,12
2024,DE,1605,108,0.067,152.59,100.0,1051917,1051804,12
2025,DE,1439,113,0.079,135.77,100.0,1059952,1059907,12
2016,DC,,,,,0.0,681170,,0
2017,DC,0,0,,0.0,16.7,693972,693972,2
2018,DC,0,0,,0.0,33.3,702455,702455,4
2019,DC,0,0,,0.0,41.7,705749,705749,5
2020,DC,1,0,0.0,0.14,58.3,712816,712816,7
2021,DC,7,4,0.571,1.04,100.0,670050,670050,12
2022,DC,17,7,0.412,2.53,100.0,671803,671803,12
2023,DC,5,3,0.6,0.74,100.0,678972,678972,12
2024,DC,1,0,0.0,0.14,100.0,702250,702250,12
2025,DC,2,2,1.0,0.29,100.0,693645,693645,12
2016,FL,0,0,,0.0,15.3,20612439,3161343,12
2017,FL,0,0,,0.0,17.4,20984400,3644093,12
2018,FL,1,0,0.0,0.02,20.4,21299325,4354699,12
2019,FL,2,1,0.5,0.04,22.3,21477737,4784778,12
2020,FL,1,0,0.0,0.02,26.9,21733312,5847499,12
2021,FL,238,110,0.462,2.33,46.9,21781128,10218636,12
2022,FL,452,192,0.425,3.37,60.2,22244823,13399512,12
2023,FL,570,252,0.442,3.79,66.5,22610726,15032076,12
2024,FL,687,295,0.429,4.22,69.7,23372215,16285057,12
2025,FL,893,404,0.452,5.2,73.2,23462518,17168296,12
2016,GA,0,0,,0.0,6.8,10310371,765677,11
2017,GA,0,0,,0.0,6.8,10429379,705930,12
2018,GA,0,0,,0.0,13.8,10519475,1447243,12
2019,GA,311,63,0.203,6.51,45.0,10617423,4774273,12
2020,GA,917,98,0.107,9.93,86.2,10710017,9232439,12
2021,GA,1212,147,0.121,12.34,91.0,10799596,9823671,12
2022,GA,1095,139,0.127,11.0,91.2,10912876,9955826,12
2023,GA,1132,147,0.13,11.22,91.5,11029227,10088496,12
2024,GA,1053,181,0.172,10.16,92.7,11180878,10365746,12
2025,GA,922,197,0.214,9.01,90.5,11302748,10234426,12
2016,HI,0,0,,0.0,11.6,1428557,995572,2
2017,HI,11,0,0.0,1.09,70.5,1427538,1006970,12
2018,HI,52,12,0.231,5.3,69.1,1420491,982019,12
2019,HI,51,7,0.137,5.23,68.9,1415872,974902,12
2020,HI,47,9,0.191,4.79,69.7,1407006,980370,12
2021,HI,108,17,0.157,7.49,100.0,1441553,1441553,12
2022,HI,135,26,0.193,9.37,100.0,1440196,1440196,12
2023,HI,126,27,0.214,8.78,100.0,1435138,1435138,12
2024,HI,147,38,0.259,10.16,100.0,1446146,1446146,12
2025,HI,147,30,0.204,10.26,100.0,1432820,1432820,12
2016,ID,0,0,,0.0,99.9,1683140,1680830,12
2017,ID,3,2,0.667,0.17,100.0,1716943,1716106,12
2018,ID,10,3,0.3,0.57,99.9,1754208,1752918,12
2019,ID,39,11,0.282,2.19,99.8,1787065,1784014,12
2020,ID,62,26,0.419,3.44,98.5,1826913,1800224,12
2021,ID,70,27,0.386,3.78,97.5,1900923,1853652,12
2022,ID,97,48,0.495,5.01,99.9,1939033,1937011,12
2023,ID,105,65,0.619,5.36,99.8,1964726,1960706,12
2024,ID,101,44,0.436,5.06,99.6,2001619,1994351,12
2025,ID,92,47,0.511,4.59,98.6,2029733,2002228,12
2016,IL,0,0,,0.0,1.6,12801539,201013,12
2017,IL,0,0,,0.0,1.7,12802023,215657,12
2018,IL,0,0,,0.0,1.7,12741080,211866,12
2019,IL,0,0,,0.0,2.0,12671821,254335,12
2020,IL,3,0,0.0,0.6,4.0,12587530,497425,12
2021,IL,107,40,0.374,1.56,54.0,12670797,6845517,12
2022,IL,251,72,0.287,2.62,76.3,12582032,9597117,12
2023,IL,334,106,0.317,2.93,90.9,12549689,11408110,12
2024,IL,610,151,0.248,5.09,94.4,12710158,11991926,12
2025,IL,734,236,0.322,6.1,94.7,12719141,12042456,12
2016,IN,0,0,,0.0,3.1,6633053,202571,12
2017,IN,0,0,,0.0,4.5,6666818,298556,12
2018,IN,2,0,0.0,0.33,8.9,6691878,597188,12
2019,IN,562,156,0.278,23.34,35.8,6732219,2407422,12
2020,IN,534,145,0.272,12.75,62.0,6754953,4189652,12
2021,IN,676,86,0.127,12.32,80.6,6805985,5488402,12
2022,IN,580,103,0.178,10.21,83.1,6833037,5679457,12
2023,IN,550,92,0.167,9.34,85.8,6862199,5888336,12
2024,IN,488,105,0.215,8.08,87.2,6924275,6040588,12
2025,IN,545,124,0.228,8.92,87.6,6973333,6110158,12
2016,IA,0,0,,0.0,97.0,3134693,3041084,12
2017,IA,0,0,,0.0,97.8,3145711,3075880,12
2018,IA,0,0,,0.0,95.5,3156145,3014578,12
2019,IA,1,1,1.0,0.03,97.3,3155070,3070110,12
2020,IA,6,2,0.333,0.2,96.9,3163561,3064511,12
2021,IA,160,68,0.425,5.32,94.1,3193079,3006076,12
2022,IA,251,88,0.351,8.34,94.0,3200517,3007905,12
2023,IA,285,100,0.351,9.34,95.2,3207004,3052250,12
2024,IA,263,110,0.418,8.39,96.7,3241488,3133741,12
2025,IA,250,97,0.388,7.95,97.1,3238387,3142904,12
2016,KS,0,0,,0.0,71.6,2907289,2081259,12
2017,KS,0,0,,0.0,71.9,2913123,2093120,12
2018,KS,0,0,,0.0,71.0,2911505,2068100,12
2019,KS,0,0,,0.0,84.1,2913314,2449153,12
2020,KS,1,0,0.0,0.04,87.7,2913805,2555732,12
2021,KS,0,0,,0.0,90.7,2934582,2662474,12
2022,KS,1,0,0.0,0.04,92.5,2937150,2715717,12
2023,KS,0,0,,0.0,95.0,2940546,2793846,12
2024,KS,0,0,,0.0,96.1,2970606,2855099,12
2025,KS,0,0,,0.0,94.8,2977220,2822530,12
2016,KY,22,10,0.455,0.5,100.0,4436974,4436336,12
2017,KY,152,37,0.243,3.42,99.8,4454189,4445697,12
2018,KY,192,69,0.359,4.31,99.7,4468402,4453459,12
2019,KY,273,86,0.315,6.12,99.8,4467673,4459878,12
2020,KY,185,61,0.33,4.14,99.9,4477251,4472403,12
2021,KY,229,73,0.319,5.08,99.9,4509394,4505682,12
2022,KY,296,73,0.247,6.57,99.9,4512310,4507220,12
2023,KY,305,88,0.289,6.74,100.0,4526154,4526154,12
2024,KY,254,101,0.398,5.54,100.0,4588372,4588372,12
2025,KY,257,104,0.405,5.58,100.0,4606864,4606486,12
2016,LA,0,0,,0.0,22.8,4681666,1068292,12
2017,LA,0,0,,0.0,28.3,4684333,1326040,12
2018,LA,2,1,0.5,0.14,29.9,4659978,1395270,12
2019,LA,117,32,0.274,6.02,41.8,4648794,1944972,12
2020,LA,122,55,0.451,4.42,59.4,4645318,2760769,12
2021,LA,328,122,0.372,9.13,77.7,4624047,3594188,12
2022,LA,415,166,0.4,11.27,80.2,4590241,3682775,12
2023,LA,549,204,0.372,14.39,83.4,4573749,3815865,12
2024,LA,656,274,0.418,17.39,82.0,4597740,3771756,12
2025,LA,657,268,0.408,18.24,78.0,4618189,3602609,12
2016,ME,0,0,,0.0,28.2,1331479,375536,12
2017,ME,3,3,1.0,0.79,28.6,1335907,381656,12
2018,ME,13,11,0.846,3.09,31.4,1338404,420385,12
2019,ME,8,5,0.625,1.51,39.4,1344212,529302,12
2020,ME,27,16,0.593,3.22,62.1,1350141,838863,12
2021,ME,50,24,0.48,3.65,100.0,1372247,1371612,12
2022,ME,50,20,0.4,3.61,99.9,1385340,1384006,12
2023,ME,63,34,0.54,4.51,100.0,1395722,1395722,12
2024,ME,74,34,0.459,5.3,99.4,1405012,1396149,12
2025,ME,58,35,0.603,4.16,98.6,1414874,1395506,12
2016,MD,0,0,,0.0,26.7,6016447,1606829,12
2017,MD,0,0,,0.0,28.7,6052177,1737982,12
2018,MD,0,0,,0.0,28.9,6042718,1748800,12
2019,MD,8,7,0.875,0.45,29.2,6045680,1767934,12
2020,MD,5,1,0.2,0.27,30.9,6055802,1870071,12
2021,MD,353,49,0.139,9.75,58.7,6165129,3620685,12
2022,MD,589,98,0.166,10.37,92.2,6164660,5680992,12
2023,MD,577,79,0.137,9.63,97.0,6180253,5992542,12
2024,MD,622,105,0.169,9.97,99.6,6263220,6238344,12
2025,MD,561,99,0.176,8.95,100.0,6265347,6265347,12
2016,MA,4,2,0.5,0.07,86.7,6811779,5905380,12
2017,MA,19,10,0.526,0.32,87.1,6859819,5972366,12
2018,MA,45,16,0.356,0.75,87.1,6902149,6009474,12
2019,MA,93,30,0.323,1.5,90.0,6892503,6201259,12
2020,MA,119,29,0.244,1.74,99.1,6893574,6832076,12
2021,MA,209,51,0.244,3.0,99.6,6984723,6958769,12
2022,MA,202,61,0.302,2.9,99.6,6981974,6957406,12
2023,MA,184,43,0.234,2.64,99.7,7001399,6978479,12
2024,MA,231,62,0.268,3.25,99.7,7136171,7111694,12
2025,MA,194,57,0.294,2.72,99.8,7154084,7138553,12
2016,MI,66,15,0.227,0.67,99.2,9928300,9853798,12
2017,MI,285,68,0.239,2.87,99.7,9962311,9929194,12
2018,MI,408,104,0.255,4.11,99.3,9995915,9930257,12
2019,MI,533,141,0.265,5.42,98.5,9986857,9838301,12
2020,MI,513,146,0.285,5.24,98.3,9966555,9792113,12
2021,MI,709,184,0.26,7.22,97.8,10050811,9824869,12
2022,MI,927,183,0.197,9.43,98.0,10034113,9828917,12
2023,MI,1056,240,0.227,10.76,97.8,10037261,9814424,12
2024,MI,1109,278,0.251,11.16,98.0,10140459,9934790,12
2025,MI,1031,263,0.255,10.51,96.9,10127884,9809107,12
2016,MN,1,1,1.0,0.1,18.7,5519952,1031608,12
2017,MN,5,3,0.6,0.34,26.3,5576606,1466022,12
2018,MN,79,18,0.228,3.89,36.2,5611179,2030974,12
2019,MN,278,48,0.173,9.31,53.0,5639632,2986699,12
2020,MN,267,61,0.228,5.53,85.3,5657342,4827848,12
2021,MN,379,113,0.298,6.66,99.7,5707390,5688109,12
2022,MN,340,97,0.285,5.96,99.8,5717184,5708385,12
2023,MN,379,146,0.385,6.62,99.8,5737915,5728694,12
2024,MN,417,132,0.317,7.21,99.9,5793151,5786491,12
2025,MN,457,165,0.361,7.85,99.8,5830405,5818662,12
2016,MS,0,0,,0.0,7.7,2988726,229064,12
2017,MS,1,0,0.0,0.31,10.7,2984100,320445,12
2018,MS,48,2,0.042,9.18,17.5,2986530,522998,12
2019,MS,195,27,0.138,26.86,24.4,2976149,726101,12
2020,MS,220,28,0.127,17.12,43.3,2966786,1284820,12
2021,MS,197,22,0.112,11.22,59.5,2949965,1756411,12
2022,MS,266,28,0.105,14.47,62.5,2940057,1838898,12
2023,MS,167,17,0.102,8.91,63.7,2939690,1873590,12
2024,MS,177,31,0.175,9.24,65.1,2943045,1915720,12
2025,MS,219,35,0.16,9.1,81.5,2954160,2406206,12
2016,MO,5,0,0.0,0.6,13.6,6093000,826974,12
2017,MO,43,12,0.279,4.35,16.2,6113532,987634,12
2018,MO,44,8,0.182,3.54,20.3,6126452,1244625,12
2019,MO,68,17,0.25,3.61,30.7,6137428,1883188,12
2020,MO,225,68,0.302,5.83,62.7,6151548,3856766,12
2021,MO,423,128,0.303,7.15,96.0,6168187,5919214,12
2022,MO,507,159,0.314,8.38,98.0,6177957,6052257,12
2023,MO,577,192,0.333,9.48,98.2,6196156,6085212,12
2024,MO,603,181,0.3,9.82,98.3,6245466,6138947,12
2025,MO,566,163,0.288,9.14,98.7,6270541,6189974,12
2016,MT,0,0,,0.0,99.5,1042520,1037236,12
2017,MT,86,29,0.337,8.2,99.9,1050493,1048999,12
2018,MT,93,24,0.258,8.8,99.4,1062305,1056252,12
2019,MT,117,32,0.274,11.11,98.6,1068778,1053373,12
2020,MT,102,33,0.324,9.49,99.5,1080577,1074686,12
2021,MT,161,27,0.168,14.63,99.5,1105574,1100482,12
2022,MT,153,36,0.235,13.74,99.2,1122867,1113467,12
2023,MT,131,31,0.237,11.59,99.8,1132812,1130619,12
2024,MT,166,56,0.337,14.61,99.9,1137233,1136348,12
2025,MT,179,60,0.335,15.64,100.0,1144694,1144694,12
2016,NE,0,0,,0.0,43.7,1907116,834045,12
2017,NE,0,0,,0.0,46.7,1920076,895744,12
2018,NE,3,1,0.333,0.31,49.6,1929268,956819,12
2019,NE,11,5,0.455,1.05,54.2,1934408,1048740,12
2020,NE,57,24,0.421,5.53,53.2,1937552,1029878,12
2021,NE,84,20,0.238,5.84,73.3,1963692,1438918,12
2022,NE,89,37,0.416,6.3,71.7,1967923,1411914,12
2023,NE,126,57,0.452,7.5,84.9,1978379,1679880,12
2024,NE,133,46,0.346,6.81,97.3,2005465,1952076,12
2025,NE,177,71,0.401,8.82,99.4,2018006,2006686,12
2016,NV,0,0,,0.0,24.6,2940058,1084569,8
2017,NV,0,0,,0.0,13.8,2998039,550250,9
2018,NV,0,0,,0.0,24.2,3034392,979535,9
2019,NV,2,0,0.0,0.11,59.8,3080156,1841350,12
2020,NV,47,20,0.426,1.71,87.4,3138259,2742170,12
2021,NV,282,143,0.507,9.02,99.5,3143991,3127857,12
2022,NV,289,144,0.498,9.13,99.6,3177772,3164140,12
2023,NV,279,147,0.527,8.77,99.6,3194176,3181298,12
2024,NV,288,134,0.465,8.86,99.5,3267467,3252048,12
2025,NV,276,147,0.533,8.44,99.6,3282188,3270568,12
2016,NH,1,0,0.0,0.08,97.3,1334795,1298493,12
2017,NH,89,29,0.326,6.79,97.6,1342795,1310923,12
2018,NH,177,48,0.271,13.38,97.5,1356458,1322800,12
2019,NH,207,69,0.333,15.57,97.8,1359711,1329577,12
2020,NH,190,45,0.237,14.23,97.7,1366275,1335428,12
2021,NH,190,44,0.232,13.75,99.5,1388992,1381861,12
2022,NH,241,75,0.311,17.35,99.5,1395231,1388721,12
2023,NH,225,52,0.231,16.13,99.5,1402054,1394620,12
2024,NH,267,77,0.288,18.96,99.9,1409032,1408213,12
2025,NH,255,87,0.341,18.03,99.9,1415342,1413928,12
2016,NJ,0,0,,0.0,0.1,8944469,30097,3
2017,NJ,0,0,,0.0,0.0,9005644,19666,2
2018,NJ,0,0,,0.0,0.4,8908520,80191,5
2019,NJ,0,0,,0.0,0.2,8882190,36483,5
2020,NJ,0,0,,0.0,2.8,8882371,246974,12
2021,NJ,55,28,0.509,1.32,44.9,9267130,4163535,12
2022,NJ,117,35,0.299,2.07,61.0,9261699,5653745,12
2023,NJ,106,32,0.302,1.71,66.6,9290841,6189120,12
2024,NJ,130,40,0.308,1.88,72.9,9500851,6922147,12
2025,NJ,127,37,0.291,1.67,79.7,9548215,7612045,12
2016,NM,0,0,,0.0,5.7,2081015,118569,12
2017,NM,0,0,,0.0,5.6,2088070,116721,12
2018,NM,12,5,0.417,1.41,40.7,2095428,852416,12
2019,NM,39,10,0.256,3.77,49.4,2096829,1035600,12
2020,NM,64,28,0.438,4.74,64.2,2106319,1351580,12
2021,NM,121,34,0.281,6.52,87.7,2115877,1856484,12
2022,NM,120,47,0.392,6.34,89.5,2113344,1892136,12
2023,NM,127,52,0.409,6.74,89.1,2114371,1884725,12
2024,NM,156,53,0.34,7.82,93.7,2130256,1996098,12
2025,NM,175,59,0.337,8.77,93.9,2125498,1996027,12
2016,NY,0,0,,0.0,48.7,19745289,9620702,12
2017,NY,0,0,,0.0,50.0,19849399,9929496,12
2018,NY,0,0,,0.0,52.0,19542209,10154141,12
2019,NY,0,0,,0.0,57.6,19453561,11209607,12
2020,NY,2,1,0.5,0.02,65.1,19336776,12595218,12
2021,NY,4,0,0.0,0.03,68.9,19835913,13666275,12
2022,NY,10,5,0.5,0.07,71.7,19677151,14118222,12
2023,NY,50,42,0.84,0.34,74.8,19571216,14631367,12
2024,NY,60,50,0.833,0.38,78.7,19867248,15637998,12
2025,NY,261,157,0.602,1.6,81.7,20002427,16342797,12
2016,NC,0,0,,0.0,0.1,10146788,105253,1
2017,NC,,,,,0.0,10273419,,0
2018,NC,2,0,0.0,0.09,22.4,10383620,2324616,12
2019,NC,541,166,0.307,5.88,87.7,10488084,9198324,12
2020,NC,536,135,0.252,5.28,95.7,10600823,10145224,12
2021,NC,620,190,0.306,6.03,97.5,10551162,10288154,12
2022,NC,690,186,0.27,6.62,97.5,10698973,10426833,12
2023,NC,778,213,0.274,7.36,97.6,10835491,10573473,12
2024,NC,813,229,0.282,7.57,97.2,11046024,10741949,12
2025,NC,859,281,0.327,7.94,96.6,11197968,10816271,12
2016,ND,2,0,0.0,0.26,99.7,757952,755978,12
2017,ND,46,17,0.37,6.11,99.6,755393,752545,12
2018,ND,81,22,0.272,10.66,100.0,760077,759875,12
2019,ND,102,30,0.294,13.4,99.9,761894,761318,12
2020,ND,89,20,0.225,11.64,99.9,765309,764872,12
2021,ND,122,30,0.246,15.77,99.9,774948,773822,12
2022,ND,145,43,0.297,18.61,100.0,779261,778998,12
2023,ND,138,35,0.254,17.65,99.7,783926,781748,12
2024,ND,162,44,0.272,20.37,99.8,796568,795372,12
2025,ND,168,55,0.327,21.27,98.8,799358,789817,12
2016,OH,0,0,,0.0,80.5,11614373,9354360,12
2017,OH,27,11,0.407,0.28,81.3,11658609,9482754,12
2018,OH,109,32,0.294,1.13,82.7,11689442,9666322,12
2019,OH,181,63,0.348,1.83,84.5,11689100,9878398,12
2020,OH,241,49,0.203,2.38,86.6,11693217,10126456,12
2021,OH,353,91,0.258,3.31,90.6,11780017,10668961,12
2022,OH,417,123,0.295,3.81,93.1,11756058,10940501,12
2023,OH,426,122,0.286,3.84,94.2,11785935,11107469,12
2024,OH,625,172,0.275,5.58,94.3,11883304,11202009,12
2025,OH,569,156,0.274,5.13,93.2,11900510,11096183,12
2016,OK,0,0,,0.0,45.2,3923561,1774386,12
2017,OK,0,0,,0.0,47.3,3930864,1857476,12
2018,OK,0,0,,0.0,50.5,3943079,1991568,12
2019,OK,75,17,0.227,2.97,63.8,3956971,2524744,12
2020,OK,107,11,0.103,3.79,70.9,3980783,2822908,12
2021,OK,269,62,0.23,6.79,99.4,3986639,3961667,12
2022,OK,551,103,0.187,13.72,99.9,4019800,4016371,12
2023,OK,791,123,0.155,19.52,100.0,4053824,4052752,12
2024,OK,863,118,0.137,21.1,99.9,4095393,4089788,12
2025,OK,974,153,0.157,23.65,99.9,4123288,4118926,12
2016,OR,98,32,0.327,2.67,89.7,4093465,3673084,12
2017,OR,170,59,0.347,4.35,94.4,4142776,3911602,12
2018,OR,459,147,0.32,11.48,95.4,4190713,3997989,12
2019,OR,509,183,0.36,12.64,95.5,4217737,4028315,12
2020,OR,423,151,0.357,10.65,93.7,4241507,3972510,12
2021,OR,488,182,0.373,11.79,97.5,4246155,4138112,12
2022,OR,472,156,0.331,11.26,98.8,4240137,4191139,12
2023,OR,522,178,0.341,12.49,98.7,4233358,4179791,12
2024,OR,554,193,0.348,13.18,98.4,4272371,4204673,12
2025,OR,529,223,0.422,12.63,98.0,4273586,4188754,12
2016,PA,0,0,,0.0,10.2,12784227,1303681,12
2017,PA,0,0,,0.0,9.8,12805537,1250492,12
2018,PA,0,0,,0.0,14.5,12807060,1855216,12
2019,PA,1,1,1.0,0.05,15.9,12801989,2041695,12
2020,PA,8,2,0.25,0.36,17.6,12783254,2248200,12
2021,PA,465,264,0.568,9.11,39.4,12964004,5103367,12
2022,PA,448,232,0.518,8.31,41.6,12972008,5391951,12
2023,PA,480,247,0.515,8.15,45.4,12961683,5888395,12
2024,PA,521,291,0.559,7.94,50.2,13078751,6564799,12
2025,PA,538,271,0.504,7.78,52.9,13059432,6914287,12
2016,RI,0,0,,0.0,99.9,1056426,1055380,12
2017,RI,0,0,,0.0,99.9,1059639,1058595,12
2018,RI,5,0,0.0,0.47,99.9,1057315,1056281,12
2019,RI,23,9,0.391,2.17,99.9,1059361,1058329,12
2020,RI,36,21,0.583,3.41,99.9,1057125,1056100,12
2021,RI,43,23,0.535,3.93,99.9,1095610,1094546,12
2022,RI,62,32,0.516,5.68,99.9,1093734,1092311,12
2023,RI,71,35,0.493,6.49,99.9,1095962,1094548,12
2024,RI,77,44,0.571,6.93,99.9,1112308,1110883,12
2025,RI,74,23,0.311,6.72,98.8,1114521,1101080,12
2016,SC,0,0,,0.0,99.5,4961119,4935182,12
2017,SC,208,63,0.303,4.17,99.2,5024369,4982152,12
2018,SC,304,121,0.398,6.04,99.0,5084127,5034687,12
2019,SC,333,146,0.438,6.54,98.8,5148714,5088893,12
2020,SC,323,149,0.461,6.23,99.3,5218040,5182358,12
2021,SC,407,166,0.408,7.88,99.5,5190705,5162156,12
2022,SC,500,202,0.404,9.49,99.8,5282634,5270364,12
2023,SC,630,274,0.435,11.76,99.7,5373555,5359023,12
2024,SC,601,261,0.434,11.0,99.7,5478831,5464947,12
2025,SC,622,258,0.415,11.59,96.4,5570274,5367433,12
2016,SD,3,1,0.333,0.37,92.5,865454,800219,12
2017,SD,12,5,0.417,1.54,89.5,869666,778398,12
2018,SD,26,8,0.308,3.11,94.8,882235,836261,12
2019,SD,35,11,0.314,4.19,94.4,884659,835504,12
2020,SD,20,4,0.2,2.36,95.0,892717,847803,12
2021,SD,37,8,0.216,4.64,89.0,895376,796615,12
2022,SD,48,17,0.354,5.94,88.8,909824,807551,12
2023,SD,27,10,0.37,3.31,88.6,919318,814559,12
2024,SD,45,11,0.244,5.43,89.7,924669,828963,12
2025,SD,52,15,0.288,6.2,89.7,935094,839125,12
2016,TN,98,45,0.459,1.47,100.0,6651194,6650397,12
2017,TN,475,224,0.472,7.07,100.0,6715984,6715984,12
2018,TN,492,228,0.463,7.27,100.0,6770010,6769761,12
2019,TN,542,225,0.415,7.94,100.0,6829174,6829060,12
2020,TN,476,186,0.391,6.91,100.0,6886834,6886834,12
2021,TN,598,246,0.411,8.61,99.6,6975218,6944225,12
2022,TN,649,285,0.439,9.24,99.7,7051339,7027085,12
2023,TN,683,296,0.433,9.61,99.7,7126489,7104842,12
2024,TN,698,334,0.479,9.69,99.6,7227750,7200395,12
2025,TN,763,405,0.531,10.47,99.6,7315076,7285858,12
2016,TX,0,0,,0.0,24.4,27862596,6797982,12
2017,TX,67,20,0.299,0.81,29.2,28304596,8255102,12
2018,TX,416,72,0.173,2.97,48.8,28701845,14017376,12
2019,TX,1436,272,0.189,7.51,65.9,28995881,19113490,12
2020,TX,2183,298,0.137,9.0,82.6,29360759,24249116,12
2021,TX,3031,400,0.132,10.5,97.8,29527941,28878324,12
2022,TX,3473,487,0.14,11.7,98.8,30029572,29675490,12
2023,TX,3383,464,0.137,11.2,99.1,30503301,30214011,12
2024,TX,3797,589,0.155,12.22,99.3,31290831,31083196,12
2025,TX,3987,627,0.157,12.68,99.1,31709821,31431874,12
2016,UT,2,1,0.5,0.09,77.1,3051217,2352537,12
2017,UT,3,0,0.0,0.13,75.3,3101833,2334332,12
2018,UT,4,0,0.0,0.17,74.7,3161105,2362105,12
2019,UT,16,5,0.312,0.64,77.8,3205958,2495490,12
2020,UT,76,22,0.289,2.67,87.5,3249879,2844636,12
2021,UT,117,37,0.316,3.67,95.4,3337975,3186080,12
2022,UT,138,31,0.225,4.12,99.1,3380800,3350882,12
2023,UT,158,47,0.297,4.67,98.9,3417734,3380074,12
2024,UT,183,52,0.284,5.38,97.1,3503613,3401313,12
2025,UT,191,48,0.251,5.46,98.9,3538904,3500984,12
2016,VT,1,0,0.0,0.16,97.6,624594,609306,12
2017,VT,27,20,0.741,4.34,99.7,623657,621817,12
2018,VT,45,24,0.533,7.2,99.9,626299,625388,12
2019,VT,42,31,0.738,6.73,100.0,623989,623912,12
2020,VT,37,27,0.73,5.94,100.0,623347,623035,12
2021,VT,32,17,0.531,4.96,99.8,645570,644595,12
2022,VT,59,36,0.61,9.15,99.7,647064,644954,12
2023,VT,63,40,0.635,9.74,99.9,647464,646649,12
2024,VT,81,57,0.704,12.49,100.0,648493,648493,12
2025,VT,49,37,0.755,7.62,99.8,644663,643242,12
2016,VA,7,0,0.0,0.08,100.0,8411808,8409280,12
2017,VA,6,2,0.333,0.07,99.9,8470020,8465064,12
2018,VA,20,4,0.2,0.23,100.0,8517685,8514372,12
2019,VA,1398,338,0.242,16.39,99.9,8535519,8530782,12
2020,VA,1179,338,0.287,13.73,99.9,8590563,8584267,12
2021,VA,1197,402,0.336,13.86,99.9,8642274,8635520,12
2022,VA,1263,388,0.307,14.56,99.9,8683619,8674929,12
2023,VA,1222,424,0.347,14.03,99.9,8715698,8708749,12
2024,VA,1543,535,0.347,17.53,99.9,8811195,8803162,12
2025,VA,1380,503,0.364,15.54,100.0,8880107,8878757,12
2016,WA,28,10,0.357,0.43,89.9,7288000,6548927,12
2017,WA,118,39,0.331,1.72,92.4,7405743,6841202,12
2018,WA,139,44,0.317,1.91,96.6,7535591,7278480,12
2019,WA,196,58,0.296,2.59,99.5,7614893,7576262,12
2020,WA,224,76,0.339,2.92,99.6,7693612,7659627,12
2021,WA,313,87,0.278,4.07,99.3,7738692,7688286,12
2022,WA,358,112,0.313,4.64,99.2,7785786,7721228,12
2023,WA,349,93,0.266,4.51,99.1,7812880,7745081,12
2024,WA,448,128,0.286,5.66,99.4,7958180,7914020,12
2025,WA,470,154,0.328,6.02,97.5,8001020,7803539,12
2016,WV,0,0,,0.0,87.6,1831102,1603630,12
2017,WV,18,5,0.278,1.13,87.8,1815857,1594912,12
2018,WV,12,5,0.417,0.77,86.3,1805832,1557776,12
2019,WV,13,4,0.308,0.83,87.2,1792147,1563164,12
2020,WV,11,4,0.364,0.7,87.5,1784787,1562256,12
2021,WV,25,9,0.36,1.6,87.7,1782959,1563269,12
2022,WV,41,16,0.39,2.6,88.9,1775156,1577764,12
2023,WV,61,33,0.541,3.8,90.6,1770071,1603903,12
2024,WV,53,26,0.491,3.25,92.1,1769979,1629954,12
2025,WV,46,23,0.5,2.98,87.3,1766147,1542122,12
2016,WI,18,8,0.444,0.62,49.9,5778708,2882227,12
2017,WI,97,52,0.536,3.09,54.2,5795483,3142922,12
2018,WI,159,81,0.509,4.36,62.7,5813568,3647459,12
2019,WI,244,102,0.418,5.76,72.7,5822434,4234802,12
2020,WI,251,107,0.426,5.08,84.7,5832655,4940522,12
2021,WI,328,115,0.351,5.8,95.9,5895908,5656517,12
2022,WI,350,144,0.411,6.13,96.9,5892539,5708572,12
2023,WI,399,162,0.406,6.93,97.4,5910955,5756604,12
2024,WI,416,186,0.447,7.15,97.7,5960975,5822138,12
2025,WI,462,217,0.47,7.97,97.1,5972787,5798894,12
2016,WY,,,,,0.0,585501,,0
2017,WY,,,,,0.0,579315,,0
2018,WY,0,0,,0.0,0.3,577737,11076,2
2019,WY,10,7,0.7,25.29,6.8,578759,39543,12
2020,WY,30,8,0.267,31.4,16.4,582328,95556,12
2021,WY,82,35,0.427,18.35,77.2,578803,446752,12
2022,WY,89,35,0.393,19.69,77.8,581381,452106,12
2023,WY,83,35,0.422,16.09,88.3,584057,515804,12
2024,WY,85,44,0.518,16.08,89.9,587618,528544,12
2025,WY,96,46,0.479,17.63,92.5,588753,544412,12
