year,dimension,group,animal_cruelty,all_offenses
2020,age_category,total,10414,7173072
2020,age_category,adult,8834,5350030
2020,age_category,juvenile,335,494379
2020,age_category,unknown,1245,1328663
2020,age,total,10414,7173072
2020,age,0-10,41,18067
2020,age,11-15,159,230476
2020,age,16-20,672,792384
2020,age,21-25,1092,917511
2020,age,26-30,1285,972769
2020,age,31-35,1227,850807
2020,age,36-40,1073,684825
2020,age,41-45,793,452126
2020,age,46-50,642,331436
2020,age,51-55,587,234695
2020,age,56-60,590,202295
2020,age,61-65,401,84548
2020,age,66+,607,72470
2020,age,unknown,1245,1328663
2020,race,total,10414,7173072
2020,race,white,6442,3642932
2020,race,black,2468,2122038
2020,race,american_indian_alaska_native,76,83161
2020,race,asian,117,58063
2020,race,native_hawaiian_pacific_islander,25,15391
2020,race,unknown,1286,1251487
2020,sex,total,10414,7173072
2020,sex,male,5964,4451194
2020,sex,female,3609,1737987
2020,sex,unknown,841,983891
2021,age_category,total,14890,8536946
2021,age_category,adult,12846,6507799
2021,age_category,juvenile,470,631763
2021,age_category,unknown,1574,1397384
2021,age,total,14890,8536946
2021,age,0-10,57,28128
2021,age,11-15,243,322060
2021,age,16-20,871,881678
2021,age,21-25,1708,1055968
2021,age,26-30,1858,1153649
2021,age,31-35,1709,1069120
2021,age,36-40,1508,866467
2021,age,41-45,1233,593288
2021,age,46-50,1010,415008
2021,age,51-55,858,296048
2021,age,56-60,817,245323
2021,age,61-65,593,110879
2021,age,66+,851,101946
2021,age,unknown,1574,1397384
2021,race,total,14890,8536946
2021,race,white,9103,4337471
2021,race,black,3627,2646696
2021,race,american_indian_alaska_native,163,121995
2021,race,asian,197,74639
2021,race,native_hawaiian_pacific_islander,26,17569
2021,race,unknown,1774,1338576
2021,sex,total,14890,8536946
2021,sex,male,8425,5439941
2021,sex,female,5412,2097858
2021,sex,unknown,1053,999147
2022,age_category,total,18864,9873871
2022,age_category,adult,16514,7514328
2022,age_category,juvenile,626,869027
2022,age_category,unknown,1724,1490516
2022,age,total,18864,9873871
2022,age,0-10,92,34134
2022,age,11-15,327,468142
2022,age,16-20,1064,1021838
2022,age,21-25,2109,1174529
2022,age,26-30,2295,1249461
2022,age,31-35,2326,1236536
2022,age,36-40,2044,1005725
2022,age,41-45,1643,733718
2022,age,46-50,1236,510528
2022,age,51-55,1116,385262
2022,age,56-60,1001,294124
2022,age,61-65,763,144525
2022,age,66+,1124,124833
2022,age,unknown,1724,1490516
2022,race,total,18864,9873871
2022,race,white,11664,5015610
2022,race,black,4634,3143747
2022,race,american_indian_alaska_native,214,131512
2022,race,asian,211,95463
2022,race,native_hawaiian_pacific_islander,59,27292
2022,race,unknown,2082,1460247
2022,sex,total,18864,9873871
2022,sex,male,10916,6365860
2022,sex,female,6820,2483772
2022,sex,unknown,1128,1024239
2023,age_category,total,20924,11120557
2023,age_category,adult,18580,8244186
2023,age_category,juvenile,702,1031541
2023,age_category,unknown,1642,1844830
2023,age,total,20924,11120557
2023,age,0-10,78,40788
2023,age,11-15,375,563817
2023,age,16-20,1141,1122972
2023,age,21-25,2271,1235634
2023,age,26-30,2556,1298756
2023,age,31-35,2670,1356094
2023,age,36-40,2306,1120566
2023,age,41-45,1923,843957
2023,age,46-50,1428,597692
2023,age,51-55,1288,415552
2023,age,56-60,1107,344258
2023,age,61-65,871,178695
2023,age,66+,1268,156946
2023,age,unknown,1642,1844830
2023,race,total,20924,11120557
2023,race,white,13083,5375917
2023,race,black,5252,3623623
2023,race,american_indian_alaska_native,271,134604
2023,race,asian,246,128407
2023,race,native_hawaiian_pacific_islander,42,27477
2023,race,unknown,2030,1830529
2023,sex,total,20924,11120557
2023,sex,male,12209,7122000
2023,sex,female,7700,2806012
2023,sex,unknown,1015,1192545
2024,age,total,23449,11264265
2024,age,0-10,86,41838
2024,age,11-15,352,544149
2024,age,16-20,1287,1105480
2024,age,21-25,2445,1220182
2024,age,26-30,2663,1297903
2024,age,31-35,3060,1404352
2024,age,36-40,2640,1199755
2024,age,41-45,2273,915573
2024,age,46-50,1676,630565
2024,age,51-55,1540,439179
2024,age,56-60,1230,364096
2024,age,61-65,1027,202793
2024,age,66+,1550,183490
2024,age,unknown,1620,1714910
2024,sex,total,23449,11264265
2024,sex,male,13736,7363030
2024,sex,female,8747,2893796
2024,sex,unknown,966,1007439
2024,race,total,23449,11264265
2024,race,white,14774,5616383
2024,race,black,6002,3737005
2024,race,american_indian_alaska_native,296,135674
2024,race,asian,277,142990
2024,race,native_hawaiian_pacific_islander,50,30373
2024,race,unknown,2050,1601840
2024,age_category,total,23449,11264265
2024,age_category,adult,21116,8538628
2024,age_category,juvenile,713,1010727
2024,age_category,unknown,1620,1714910
2025,age,total,24853,11109924
2025,age,0-10,85,42906
2025,age,11-15,346,505447
2025,age,16-20,1288,1072849
2025,age,21-25,2545,1165002
2025,age,26-30,2811,1236616
2025,age,31-35,3166,1378165
2025,age,36-40,3032,1230475
2025,age,41-45,2396,949475
2025,age,46-50,1933,673259
2025,age,51-55,1582,447917
2025,age,56-60,1313,375607
2025,age,61-65,1170,226875
2025,age,66+,1786,208887
2025,age,unknown,1400,1596444
2025,sex,total,24853,11109924
2025,sex,male,14486,7238302
2025,sex,female,9508,2880651
2025,sex,unknown,859,990971
2025,race,total,24853,11109924
2025,race,white,16235,5564755
2025,race,black,6028,3722220
2025,race,american_indian_alaska_native,304,133770
2025,race,asian,273,147656
2025,race,native_hawaiian_pacific_islander,60,34712
2025,race,unknown,1953,1506811
2025,age_category,total,24853,11109924
2025,age_category,adult,22772,8560198
2025,age_category,juvenile,681,953282
2025,age_category,unknown,1400,1596444
